username,password,name
student01,j5zghaap,Student 01
student02,u4qg65uq,Student 02
student03,mphze88d,Student 03
student04,f4up843x,Student 04
student05,2mbfv6u8,Student 05
student06,nz2km8vf,Student 06
student07,jtmkrp36,Student 07
student08,shj6r96x,Student 08
student09,4247y29b,Student 09
student10,b3jdtn6n,Student 10
student11,cawsxrh9,Student 11
student12,cd6fk649,Student 12
student13,bt74hs4s,Student 13
student14,j6uxm59s,Student 14
student15,d53cd87q,Student 15
student16,cxg7py3x,Student 16
student17,zfkvx2e6,Student 17
student18,hgn57w5n,Student 18
student19,m79m2fyh,Student 19
student20,waus7fb4,Student 20
student21,2zqz3rvn,Student 21
student22,g4gjqhbw,Student 22
student23,523hs4qe,Student 23
student24,et6y4e9b,Student 24
student25,hnf6futa,Student 25
student26,v5p2z7bg,Student 26
student27,gnq3tbsn,Student 27
student28,j7c49zaa,Student 28
student29,uj5zqu2y,Student 29
student30,hmfjnq8w,Student 30
student31,t8s9wb9z,Student 31
student32,ekmjaqgb,Student 32
student33,jx9jnkzn,Student 33
student34,exs4gbrt,Student 34
student35,6e3akh3a,Student 35
student36,ssxq8fyh,Student 36
student37,pfsyz3yq,Student 37
student38,naaarmdw,Student 38
student39,946ybxs5,Student 39
student40,pmxm6zh4,Student 40